<?xml version="1.0" encoding="UTF-8"?>
<project-private xmlns="http://www.netbeans.org/ns/project-private/1">
    <editor-bookmarks xmlns="http://www.netbeans.org/ns/editor-bookmarks/2" lastBookmarkId="0"/>
    <open-files xmlns="http://www.netbeans.org/ns/projectui-open-files/2">
        <group>
            <file>file:/C:/Users/Administrator/Documents/NetBeansProjects/SalesGui/src/salesgui/StarsFile.java</file>
            <file>file:/C:/Users/Administrator/Documents/NetBeansProjects/SalesGui/src/salesgui/SalesFileStorage.java</file>
            <file>file:/C:/Users/Administrator/Documents/NetBeansProjects/SalesGui/src/salesgui/SalesApp.java</file>
            <file>file:/C:/Users/Administrator/Documents/NetBeansProjects/SalesGui/src/salesgui/SalesReader.java</file>
            <file>file:/C:/Users/Administrator/Documents/NetBeansProjects/SalesGui/src/salesgui/SalesRep.java</file>
            <file>file:/C:/Users/Administrator/Documents/NetBeansProjects/SalesGui/Sales.txt</file>
        </group>
    </open-files>
</project-private>
